<?xml version="1.0" encoding="UTF-8"?>
<!DOCTYPE hibernate-mapping PUBLIC
		"-//Hibernate/Hibernate Mapping DTD 3.0//EN"
		"http://www.hibernate.org/dtd/hibernate-mapping-3.0.dtd">
<hibernate-mapping>

	<class name="com.simplilearn.workshop.model.LoginUsers" table="loginusers">
		<!-- primary key column in Users table -->
		<id name="id" type="int">
			<column name="id" />
			<generator class="increment" />
		</id>

		<property name="username" type="java.lang.String">
			<column name="username" />
		</property>
		
		<property name="password" type="java.lang.String">
			<column name="password" />
		</property>
		
	</class>
</hibernate-mapping>