<?xml version="1.0" encoding="UTF-8"?>
<!DOCTYPE hibernate-mapping PUBLIC
		"-//Hibernate/Hibernate Mapping DTD 3.0//EN"
		"http://www.hibernate.org/dtd/hibernate-mapping-3.0.dtd">
<hibernate-mapping>

	<class name="com.simplilearn.workshop.model.SourceCity" table="source_city">
		<!-- primary key column in Users table -->
		<id name="source_id" type="int">
			<column name="source_id" />
			<generator class="increment" />
		</id>

		<property name="city" type="java.lang.String">
			<column name="city" />
		</property>
	</class>
</hibernate-mapping>