<?xml version="1.0" encoding="UTF-8"?>
<!DOCTYPE hibernate-configuration PUBLIC
        "-//Hibernate/Hibernate Configuration DTD 3.0//EN"
        "http://www.hibernate.org/dtd/hibernate-configuration-3.0.dtd">
<hibernate-configuration>
    <session-factory>
    
    <!--  jdbc properties -->
    <property name = "hibernate.connection.driver_class"> com.mysql.cj.jdbc.Driver</property>
    <property name = "hibernate.connection.url"> jdbc:mysql://localhost:3306/pgfsd_flyaway?useSSL=false</property>
    <property name = "hibernate.connection.username">root</property>
    <property name = "hibernate.connection.password">Simplilearn$1</property>

	<!--  dialect (MYSQL) -->
	<property name = "hibernate.dialect">org.hibernate.dialect.MySQL55Dialect</property>
	
		<!-- Hibernate to create a schema -->
	<property name="hibernate.hbm2ddl.auto">update	</property>

	<!-- in console check SQL queries generated by Hibernate -->
	<property name="hibernate.show_sql">true</property>
	
	<!-- hibernate has to understand these are entities -->
	<mapping resource = "com/simplilearn/workshop/model/SourceCity.hbm.xml"/>
	<mapping resource = "com/simplilearn/workshop/model/DestinationCity.hbm.xml"/>
	<mapping resource = "com/simplilearn/workshop/model/FlightList.hbm.xml"/>
	<mapping resource = "com/simplilearn/workshop/model/LoginUsers.hbm.xml"/>
	<mapping resource = "com/simplilearn/workshop/model/FlightRoute.hbm.xml"/>
	<mapping resource = "com/simplilearn/workshop/model/Register.hbm.xml"/>
	<mapping resource = "com/simplilearn/workshop/model/FlightSchedule.hbm.xml"/>
    </session-factory>

</hibernate-configuration>